Point ID,Point angle,X,Y,Parapet load,Arch self weight,Spandrel wall
1,16.6174,4.87,1.453,4.048,11.0,4.048,11.0,[19.92670725  8.38990725  3.95910725  8.38990725 19.92670725]
2,53.3087,3.036,4.075,4.048,11.0,4.048,11.0,[19.92670725  8.38990725  3.95910725  8.38990725 19.92670725]
3,90.0,0.0,5.082,4.048,11.0,4.048,11.0,[19.92670725  8.38990725  3.95910725  8.38990725 19.92670725]
4,126.6913,-3.036,4.075,4.048,11.0,4.048,11.0,[19.92670725  8.38990725  3.95910725  8.38990725 19.92670725]
5,163.3826,-4.87,1.453,4.048,11.0,4.048,11.0,[19.92670725  8.38990725  3.95910725  8.38990725 19.92670725]
